CUSTOMER_ID,CHATBOT_USAGE_COUNT,LAST_CHATBOT_INTERACTION,EMAIL_OPENED_COUNT,CLICKED_AD_CAMPAIGNS,PARTICIPATED_IN_SURVEY,PREFERRED_CHANNEL,LOYALTY_PROGRAM_STATUS,MARKETING_RESPONSIVENESS,REFERRAL_LIKELIHOOD,GENDER,TENURE_MONTHS
13700,2,29/10/2024,5,2,false,Email,Silver,High,Likely,M,42
12437,1,1/10/2024,5,2,false,Chatbot,None,Moderate,Unlikely,F,50
12967,2,5/9/2024,6,1,false,Email,Gold,Moderate,Likely,F,34
14952,6,11/11/2024,7,2,false,Email,Gold,Moderate,Likely,F,28
16351,4,22/10/2024,7,2,true,Email,Bronze,Moderate,Unlikely,F,20
12471,3,24/1/2024,6,3,true,Social Media,None,High,Very Likely,F,11
16378,6,14/12/2024,3,2,false,Email,Silver,Moderate,Likely,F,4
17035,3,10/8/2024,1,0,false,Social Media,Bronze,High,Very Likely,F,10
17018,1,23/10/2024,7,1,false,SMS,Silver,Moderate,Likely,M,26
16996,4,19/11/2024,4,3,false,Email,None,Moderate,Unlikely,F,13
14491,4,10/3/2024,6,3,true,Email,Bronze,Moderate,Likely,F,6
18171,5,4/11/2024,5,1,true,Email,None,Moderate,Unlikely,M,21
17540,3,11/12/2024,10,1,false,Email,None,Low,Unlikely,F,37
16321,6,25/10/2024,7,1,true,Chatbot,Silver,Low,Unlikely,M,18
14889,0,,9,1,false,Social Media,Gold,Moderate,Unlikely,M,6
14907,2,29/5/2024,5,2,false,Email,Gold,High,Likely,M,46
18144,0,,4,1,false,Chatbot,Silver,Moderate,Unlikely,F,26
17555,3,11/10/2024,5,2,false,Chatbot,Bronze,High,Likely,F,27
14243,7,6/7/2024,2,3,false,Email,Gold,High,Likely,M,46
14264,4,29/4/2024,4,1,true,Social Media,None,Low,Unlikely,M,16
18193,3,4/11/2024,7,1,false,SMS,Silver,Low,Unlikely,F,31
18223,3,17/4/2024,6,0,false,Email,Bronze,High,Likely,M,44
15482,2,2/7/2024,6,0,true,Chatbot,Bronze,Low,Unlikely,F,18
17619,2,22/9/2024,4,1,true,Email,None,High,Very Likely,F,30
14236,3,3/3/2024,5,5,false,Email,Bronze,Low,Unlikely,F,18
14525,6,6/10/2024,5,2,false,Social Media,Silver,High,Very Likely,F,48
17504,2,2/8/2024,5,3,true,Social Media,Silver,High,Likely,F,9
14389,3,27/11/2024,6,1,true,Chatbot,Silver,Low,Unlikely,M,38
12480,4,18/8/2024,3,2,false,Email,None,High,Very Likely,M,22
17760,3,26/6/2024,3,1,false,Chatbot,Gold,Moderate,Unlikely,F,45
12931,3,26/9/2024,5,2,false,Email,Bronze,Low,Unlikely,F,44
17809,3,28/6/2024,5,1,true,SMS,Bronze,Moderate,Likely,F,24
12370,2,26/9/2024,4,5,false,Chatbot,None,High,Likely,F,21
17062,3,22/9/2024,6,2,false,Email,Bronze,High,Likely,M,44
13050,4,31/8/2024,8,1,false,Social Media,Bronze,High,Very Likely,F,10
13725,1,29/12/2024,4,2,false,Email,Silver,High,Very Likely,F,48
13668,3,30/12/2024,5,2,false,SMS,None,High,Likely,F,15
15038,4,20/12/2024,5,1,false,Email,Silver,High,Likely,F,37
15789,3,22/12/2024,9,1,false,Email,Gold,High,Very Likely,F,28
15732,5,17/4/2024,5,3,true,Chatbot,Bronze,Moderate,Likely,F,21
15626,4,1/11/2024,2,1,true,Chatbot,Silver,Moderate,Likely,F,8
13829,3,20/12/2024,5,2,false,Email,None,Low,Unlikely,F,38
15062,5,22/12/2024,4,1,false,Email,None,Moderate,Likely,F,22
16905,2,10/10/2024,7,1,false,Email,None,Moderate,Likely,F,33
15589,2,17/12/2024,1,1,false,SMS,Silver,Moderate,Unlikely,F,11
17158,2,3/8/2024,5,0,false,SMS,Silver,High,Very Likely,M,17
16503,2,27/9/2024,2,3,false,Email,Bronze,High,Likely,F,29
12347,1,3/8/2024,3,1,true,Email,Gold,High,Likely,M,20
13527,5,18/9/2024,4,2,false,Email,Silver,Low,Neutral,F,44
16493,2,5/10/2024,3,1,false,Chatbot,Silver,Low,Neutral,F,37
14404,1,5/7/2024,5,2,false,Email,Bronze,High,Likely,M,32
12583,2,4/6/2024,3,1,false,Chatbot,Silver,High,Likely,M,33
14766,2,13/9/2024,6,0,false,Chatbot,None,Low,Unlikely,M,24
16186,2,23/6/2024,7,3,false,Email,Silver,Moderate,Likely,F,18
13983,6,18/12/2024,2,1,false,Email,Silver,High,Likely,M,30
16893,3,28/12/2024,4,2,false,SMS,None,High,Likely,F,50
18050,6,6/11/2024,5,3,false,Email,None,Moderate,Unlikely,F,48
18032,6,19/12/2024,6,5,false,SMS,Silver,Moderate,Unlikely,F,37
16153,5,4/6/2024,8,1,true,Email,Bronze,Moderate,Unlikely,M,29
14135,3,9/11/2024,7,1,false,SMS,None,High,Very Likely,F,21
17643,0,,6,2,false,Email,Gold,Moderate,Unlikely,F,33
14741,1,16/11/2024,8,2,false,Email,None,Moderate,Likely,M,32
17671,5,19/12/2024,4,0,false,Email,Gold,Low,Neutral,F,34
17790,2,26/4/2024,7,1,false,SMS,Silver,High,Likely,F,34
14639,2,27/12/2024,4,2,true,Chatbot,None,High,Likely,M,46
17389,1,16/9/2024,7,2,true,Email,Silver,Low,Unlikely,F,2
17519,3,1/10/2024,6,2,false,Email,None,Moderate,Unlikely,F,46
17287,4,5/8/2024,4,8,false,Chatbot,Bronze,Moderate,Likely,F,45
17894,5,10/6/2024,5,7,false,Email,Bronze,High,Likely,F,37
14502,1,11/11/2024,8,0,false,SMS,Silver,High,Likely,M,22
16033,8,3/10/2024,7,2,false,Email,Bronze,High,Likely,F,48
15456,6,20/12/2024,6,5,true,Chatbot,None,High,Very Likely,M,28
12793,7,21/12/2024,5,1,false,SMS,Silver,High,Very Likely,F,39
15759,3,25/7/2024,7,3,false,Email,Gold,Low,Unlikely,M,26
15311,6,29/12/2024,9,1,false,Chatbot,None,High,Very Likely,F,40
12947,4,11/2/2024,6,0,false,Email,Silver,High,Likely,M,48
17189,3,23/12/2024,7,2,true,Social Media,None,High,Likely,F,42
15898,3,27/4/2024,6,3,true,Email,Silver,High,Very Likely,M,27
15197,1,19/8/2024,7,2,true,Chatbot,Gold,Moderate,Likely,F,45
13077,3,25/8/2024,5,3,false,Chatbot,None,Moderate,Unlikely,F,45
15052,4,20/12/2024,4,3,false,Social Media,Silver,High,Likely,F,33
15606,5,4/10/2024,4,2,false,Email,Bronze,Moderate,Unlikely,F,15
13846,1,12/3/2024,3,1,false,Social Media,Bronze,High,Very Likely,F,4
16365,3,5/5/2024,5,1,false,Email,None,Moderate,Likely,F,49
15046,2,14/7/2024,1,1,true,SMS,Bronze,High,Likely,F,4
17714,4,7/7/2024,5,1,false,SMS,Silver,Moderate,Likely,F,6
15719,2,31/12/2024,5,2,false,Email,None,High,Very Likely,F,16
15535,4,2/10/2024,5,1,false,Email,Silver,High,Very Likely,F,24
17569,1,29/12/2024,2,2,true,Social Media,None,Moderate,Unlikely,F,41
13693,5,15/10/2024,4,4,false,Social Media,None,Low,Unlikely,M,3
14916,4,22/10/2024,2,1,false,Email,None,Moderate,Unlikely,F,42
18283,1,29/11/2024,2,2,false,SMS,Bronze,High,Likely,F,36
14976,5,24/9/2024,2,3,false,SMS,Silver,Moderate,Likely,M,17
16333,5,23/12/2024,3,2,false,Email,Silver,Low,Unlikely,F,41
15555,3,5/5/2024,7,0,false,SMS,None,High,Likely,F,34
17048,1,23/12/2024,2,2,false,Email,Silver,Moderate,Likely,F,39
17001,2,12/10/2024,7,2,false,Email,Bronze,High,Likely,F,18
16393,5,5/3/2024,4,2,false,Email,None,High,Very Likely,F,20
17025,1,9/3/2024,3,3,false,Chatbot,None,Low,Unlikely,F,45
17591,6,23/5/2024,3,2,false,Chatbot,None,High,Likely,F,25
17526,6,9/9/2024,6,1,false,Social Media,None,Low,Unlikely,M,22
15018,7,3/10/2024,8,0,false,Email,Bronze,Low,Neutral,F,22
14898,6,29/7/2024,4,0,false,Chatbot,None,Moderate,Unlikely,F,25
14307,2,5/5/2024,5,1,false,SMS,None,High,Very Likely,F,28
17609,3,17/8/2024,10,1,false,Email,None,High,Very Likely,M,21
17525,3,27/6/2024,6,3,false,SMS,Bronze,Moderate,Likely,M,11
18156,6,16/3/2024,2,0,false,Chatbot,Gold,High,Likely,F,26
17551,4,28/12/2024,6,1,false,Email,Bronze,High,Likely,M,32
14239,7,11/12/2024,9,2,false,SMS,None,Moderate,Likely,F,46
17585,3,3/9/2024,4,2,true,Email,Bronze,High,Very Likely,F,26
18178,2,15/12/2024,5,3,false,Chatbot,Bronze,High,Very Likely,F,33
18229,0,,1,2,false,SMS,Silver,High,Very Likely,M,16
15032,3,16/6/2024,8,3,true,Email,Bronze,High,Likely,F,4
14514,2,8/12/2024,4,2,false,Chatbot,Silver,High,Likely,F,29
17085,2,14/8/2024,4,1,false,Email,Gold,High,Likely,F,19
13615,4,11/11/2024,3,2,false,Email,None,High,Likely,F,11
16271,2,2/10/2024,4,7,false,Chatbot,None,Moderate,Likely,M,24
17511,1,3/3/2024,6,1,false,Social Media,Bronze,High,Very Likely,F,25
17771,1,12/12/2024,5,2,false,Email,None,High,Likely,F,33
16945,2,17/12/2024,6,3,false,Email,Gold,Moderate,Likely,F,9
16983,3,14/5/2024,7,1,false,SMS,Silver,High,Very Likely,F,21
16424,1,25/11/2024,4,3,false,Social Media,Gold,Low,Unlikely,M,29
15465,2,10/11/2024,3,0,false,Email,Silver,High,Likely,F,14
15615,4,17/12/2024,7,0,true,Email,Silver,High,Likely,M,19
18256,5,30/5/2024,3,3,false,Social Media,None,Low,Unlikely,M,45
17105,2,31/12/2024,6,5,false,Social Media,Bronze,High,Very Likely,F,38
15823,3,14/8/2024,6,1,false,SMS,Bronze,High,Likely,M,27
15845,2,26/4/2024,5,2,true,Chatbot,None,Moderate,Likely,M,22
13709,2,31/12/2024,7,1,false,SMS,Bronze,High,Very Likely,F,22
15749,3,24/12/2024,3,3,false,Social Media,Gold,Low,Neutral,F,44
13798,5,21/6/2024,6,1,false,SMS,Silver,High,Very Likely,M,37
15780,1,27/6/2024,8,4,true,Email,Bronze,Moderate,Likely,M,19
15694,5,6/5/2024,5,4,true,Email,None,High,Likely,F,41
15601,2,11/6/2024,10,3,false,Email,Bronze,High,Likely,F,46
15157,6,5/9/2024,6,2,false,Email,None,High,Very Likely,F,43
15661,2,9/6/2024,7,2,false,Email,Bronze,Moderate,Unlikely,F,24
15059,1,13/7/2024,7,1,false,Email,None,High,Likely,F,20
14784,1,31/12/2024,6,2,false,Email,Silver,Low,Unlikely,F,25
13538,2,12/12/2024,7,3,false,Email,Bronze,Low,Unlikely,M,32
15862,4,19/9/2024,1,2,true,SMS,Bronze,High,Very Likely,F,24
17430,2,24/10/2024,5,0,true,Email,Bronze,Low,Neutral,F,36
16222,2,9/11/2024,11,2,false,Chatbot,None,High,Very Likely,F,45
16203,3,10/5/2024,10,2,false,SMS,Silver,Moderate,Unlikely,M,9
17239,4,4/8/2024,6,5,true,Email,None,High,Likely,F,28
16094,4,15/5/2024,5,3,false,Social Media,None,Low,Unlikely,F,16
17135,4,11/2/2024,6,1,false,Chatbot,Silver,Moderate,Likely,F,45
16519,3,26/8/2024,10,2,false,Email,None,Low,Neutral,F,45
16916,4,19/6/2024,5,2,false,SMS,None,High,Likely,F,7
17841,0,,6,5,false,Email,Silver,High,Very Likely,M,21
15415,2,29/12/2024,6,1,true,Email,None,High,Likely,M,27
17412,6,11/8/2024,4,2,false,SMS,Bronze,High,Likely,F,19
16889,2,18/12/2024,3,2,false,SMS,Silver,High,Likely,F,23
14589,5,12/10/2024,4,3,true,SMS,Silver,Low,Unlikely,F,48
16927,4,11/10/2024,3,1,false,Social Media,Gold,Low,Unlikely,F,45
14533,2,31/10/2024,2,5,false,SMS,None,Moderate,Likely,F,30
17470,6,24/3/2024,6,3,true,Email,None,Moderate,Likely,F,48
18075,2,27/9/2024,8,5,false,Email,None,High,Very Likely,F,12
14775,1,4/3/2024,3,2,false,Email,Bronze,High,Very Likely,F,25
14841,3,4/8/2024,8,2,false,Email,None,Moderate,Likely,F,50
17674,2,8/5/2024,3,0,false,Email,None,Moderate,Unlikely,M,2
17629,4,26/12/2024,8,0,true,Chatbot,Bronze,High,Likely,F,11
17685,3,27/10/2024,4,2,false,Chatbot,None,High,Likely,M,37
15805,1,17/7/2024,4,0,false,Email,None,Moderate,Likely,M,33
15350,3,13/11/2024,7,3,false,Email,None,Low,Unlikely,M,48
16143,5,14/5/2024,3,1,false,Email,None,High,Likely,F,9
14867,4,6/8/2024,6,2,true,Email,Bronze,High,Very Likely,F,50
17218,3,19/10/2024,8,4,false,Chatbot,Silver,High,Likely,F,31
16306,1,5/7/2024,2,2,true,Email,Bronze,High,Likely,M,13
17069,4,18/7/2024,5,3,false,Email,None,High,Likely,F,10
15939,5,15/6/2024,6,1,true,Chatbot,Bronze,High,Very Likely,F,11
17865,1,24/12/2024,3,3,false,Email,Bronze,High,Likely,M,12
16470,3,10/11/2024,3,2,false,Social Media,Silver,High,Very Likely,F,13
15498,6,5/8/2024,4,4,false,Social Media,None,High,Likely,F,14
17320,3,17/8/2024,5,2,false,Social Media,None,Moderate,Unlikely,F,40
16065,1,14/9/2024,6,0,false,SMS,Silver,High,Very Likely,F,41
17816,2,10/5/2024,6,3,false,Chatbot,Silver,Moderate,Likely,F,29
17742,1,21/8/2024,3,1,true,Email,None,High,Very Likely,F,35
16532,1,25/8/2024,6,2,false,Email,None,Low,Unlikely,F,7
16596,1,2/12/2024,4,1,false,SMS,Gold,Low,Unlikely,F,18
16684,3,21/8/2024,8,2,false,SMS,None,High,Likely,M,43
15579,2,10/12/2024,2,2,false,SMS,Bronze,High,Likely,F,21
15641,4,16/11/2024,2,1,false,Social Media,Bronze,Moderate,Unlikely,F,6
12970,3,11/5/2024,2,1,false,Chatbot,Bronze,Moderate,Unlikely,F,2
14295,3,27/8/2024,3,2,false,Email,Silver,Low,Neutral,F,7
12434,0,,8,4,true,Email,None,Low,Neutral,F,32
17722,1,19/5/2024,1,3,false,Email,Bronze,High,Very Likely,F,12
15545,2,20/11/2024,5,3,true,Email,None,Moderate,Likely,F,39
12451,3,24/10/2024,5,2,false,Chatbot,None,High,Likely,M,49
17560,2,22/12/2024,4,1,true,Email,Bronze,Moderate,Likely,F,19
12957,2,6/6/2024,6,2,false,Email,None,High,Likely,F,44
17707,3,12/4/2024,2,0,false,Email,Gold,Low,Unlikely,F,4
13680,1,19/4/2024,4,3,true,Chatbot,Bronze,High,Likely,M,34
14961,2,14/8/2024,3,2,false,Chatbot,Gold,High,Likely,M,34
12980,4,25/9/2024,3,1,false,Chatbot,Gold,Moderate,Likely,M,23
17732,3,24/1/2024,6,1,false,Chatbot,None,High,Likely,F,8
12431,3,9/2/2024,11,2,false,Email,None,High,Very Likely,F,14
15532,4,3/9/2024,2,4,false,Email,Gold,High,Very Likely,F,23
17027,7,13/2/2024,4,3,false,Email,Silver,High,Likely,F,32
15527,2,25/10/2024,0,5,false,SMS,Bronze,High,Very Likely,F,21
14896,4,25/7/2024,2,2,false,Email,Bronze,High,Very Likely,F,40
16385,0,,6,1,false,SMS,None,High,Very Likely,M,19
15514,4,16/2/2024,6,1,true,Social Media,Silver,High,Likely,M,22
17596,5,21/9/2024,6,2,false,SMS,None,High,Very Likely,F,38
16327,1,3/4/2024,3,0,true,Email,None,High,Likely,M,44
14487,2,15/10/2024,6,2,false,Chatbot,None,Moderate,Unlikely,F,41
14312,4,6/8/2024,3,3,false,Email,Silver,Moderate,Likely,M,27
14257,2,23/11/2024,6,4,false,Email,Silver,High,Likely,F,38
15002,5,19/6/2024,5,0,false,Email,Bronze,High,Very Likely,M,41
14497,4,26/12/2024,5,4,false,SMS,Bronze,High,Likely,M,42
14341,1,22/12/2024,6,4,false,Email,Silver,Moderate,Likely,F,3
14329,5,28/7/2024,5,2,false,Email,Silver,High,Likely,F,22
17580,3,23/7/2024,1,2,false,Chatbot,None,High,Likely,M,30
15012,4,2/11/2024,4,0,false,Chatbot,Bronze,High,Likely,F,42
14270,3,8/10/2024,5,1,false,Email,None,High,Likely,M,6
18179,2,3/5/2024,7,1,false,Email,Silver,High,Likely,F,6
18136,1,30/10/2024,4,2,false,Email,Silver,High,Very Likely,M,28
14299,7,17/11/2024,8,1,false,SMS,Bronze,High,Likely,F,18
17618,3,1/12/2024,2,2,false,Email,Silver,High,Very Likely,F,17
14290,1,26/12/2024,3,1,false,Email,Bronze,High,Very Likely,F,17
18225,4,8/2/2024,6,3,true,SMS,Silver,Moderate,Likely,F,28
14238,4,27/12/2024,4,0,false,SMS,None,Moderate,Likely,M,21
17076,3,12/12/2024,2,1,false,Email,Bronze,Moderate,Likely,M,46
18212,2,8/10/2024,3,4,false,Chatbot,Bronze,High,Likely,F,37
16282,1,9/10/2024,4,4,false,SMS,Bronze,Moderate,Likely,F,20
15101,2,12/4/2024,5,4,true,SMS,None,Moderate,Unlikely,F,40
14849,1,23/5/2024,2,2,false,Social Media,Gold,High,Likely,F,45
13769,1,4/11/2024,6,1,false,Email,None,High,Likely,F,20
13030,2,14/4/2024,8,2,false,SMS,Bronze,High,Very Likely,M,39
13021,2,26/6/2024,4,5,false,Email,None,Moderate,Likely,M,29
12393,1,22/11/2024,7,2,false,Email,Bronze,High,Likely,F,39
12402,4,21/10/2024,4,0,true,Social Media,Bronze,Moderate,Unlikely,F,22
16938,3,28/12/2024,5,2,true,SMS,Silver,High,Likely,F,7
12913,2,17/8/2024,6,3,false,Email,None,Low,Neutral,F,21
15512,3,9/6/2024,2,2,false,SMS,Bronze,Low,Unlikely,F,42
12877,1,9/8/2024,4,5,false,SMS,Silver,High,Likely,F,23
12494,3,17/10/2024,2,1,false,SMS,Bronze,Moderate,Likely,F,28
13584,0,,5,2,false,Email,None,High,Very Likely,M,35
12501,3,6/3/2024,7,3,false,Email,Bronze,High,Likely,M,8
17800,0,,7,3,true,Email,None,Moderate,Likely,F,12
16405,3,18/12/2024,4,4,false,Chatbot,None,Low,Unlikely,F,20
12939,2,23/10/2024,4,3,false,Social Media,Silver,Low,Unlikely,F,19
12476,1,13/6/2024,1,3,true,Email,Bronze,High,Likely,M,14
12356,2,29/12/2024,4,0,true,Chatbot,None,High,Likely,F,31
13065,3,13/11/2024,3,2,false,Email,Gold,Moderate,Likely,F,32
12421,3,29/10/2024,5,0,false,Chatbot,Silver,High,Likely,F,38
13001,1,7/12/2024,1,1,true,Email,None,High,Likely,F,45
15044,1,30/12/2024,6,1,true,Email,Bronze,High,Likely,F,31
16992,5,21/12/2024,4,0,true,Chatbot,Gold,Low,Unlikely,F,7
13082,5,28/8/2024,3,4,false,Chatbot,None,Moderate,Likely,M,45
16402,4,20/4/2024,4,1,true,Email,Bronze,High,Likely,M,31
12839,3,14/12/2024,5,4,true,Email,Silver,High,Likely,F,45
16455,2,19/9/2024,3,1,false,Chatbot,None,High,Likely,F,23
14426,5,9/12/2024,3,3,true,Email,Bronze,High,Very Likely,F,13
18260,4,2/6/2024,2,2,false,SMS,None,High,Very Likely,M,43
13304,4,24/9/2024,4,2,false,Social Media,None,Moderate,Unlikely,M,12
15160,6,19/11/2024,4,4,false,SMS,None,Moderate,Likely,F,30
15189,1,3/11/2024,2,1,false,Email,None,Moderate,Unlikely,F,11
13802,7,2/11/2024,4,3,false,Email,Silver,High,Very Likely,F,40
18062,6,23/12/2024,5,0,true,Email,None,Moderate,Unlikely,F,25
17118,1,17/12/2024,3,2,true,Email,Silver,Moderate,Unlikely,F,49
12997,1,24/4/2024,5,3,false,Chatbot,Gold,High,Very Likely,F,45
15447,2,22/9/2024,6,1,false,Email,None,Moderate,Unlikely,F,34
13579,3,18/10/2024,3,1,false,Chatbot,Silver,Low,Neutral,F,49
12574,5,29/12/2024,8,1,false,Email,Silver,High,Very Likely,F,48
12423,1,12/12/2024,4,0,false,Chatbot,None,High,Very Likely,M,9
12820,3,26/11/2024,6,5,true,Email,None,Moderate,Likely,M,24
13629,5,3/12/2024,2,2,false,Social Media,Bronze,Low,Neutral,F,22
12551,6,9/12/2024,3,0,true,Email,Bronze,Moderate,Likely,M,41
15820,2,24/11/2024,7,1,true,SMS,None,High,Likely,F,8
14411,3,27/12/2024,9,2,true,Social Media,Silver,Moderate,Likely,F,17
15708,2,25/3/2024,4,2,false,SMS,Bronze,High,Likely,F,49
13764,7,14/12/2024,7,2,true,Email,Silver,High,Likely,M,14
15093,2,22/5/2024,10,2,false,Email,Bronze,High,Likely,M,46
15658,1,15/10/2024,3,2,false,Email,Bronze,High,Very Likely,M,24
12734,4,28/7/2024,7,1,false,Email,Silver,Moderate,Likely,F,27
17235,2,28/3/2024,6,5,true,Email,Bronze,Moderate,Unlikely,M,12
14544,3,19/10/2024,4,0,false,Chatbot,Bronze,High,Very Likely,M,6
12754,1,24/12/2024,4,1,true,Social Media,None,High,Very Likely,F,11
14224,2,30/9/2024,2,2,false,Email,None,High,Very Likely,F,3
17446,4,31/12/2024,6,2,true,Social Media,Silver,Low,Neutral,F,42
14621,4,21/8/2024,4,3,true,Email,Silver,High,Likely,F,41
15856,6,20/5/2024,4,4,true,Email,Silver,High,Very Likely,M,4
12764,3,3/7/2024,4,1,false,Social Media,None,High,Very Likely,F,25
14553,4,22/7/2024,3,2,false,Chatbot,Silver,Moderate,Likely,F,25
14438,3,30/12/2024,1,2,false,Chatbot,Silver,Moderate,Unlikely,F,41
12782,5,28/6/2024,5,1,false,Email,Silver,High,Likely,F,19
12530,2,21/5/2024,7,1,false,SMS,Bronze,Low,Unlikely,M,29
12853,0,,8,4,true,Social Media,Bronze,High,Likely,M,11
14150,5,23/3/2024,5,2,true,Email,None,Moderate,Unlikely,M,48
15392,6,14/4/2024,2,3,false,Email,Silver,High,Likely,M,50
17861,8,3/12/2024,3,6,true,SMS,Silver,Moderate,Likely,F,37
16110,3,14/11/2024,4,3,false,SMS,Silver,High,Likely,M,29
17850,4,15/11/2024,7,2,false,SMS,Bronze,High,Likely,M,12
18092,1,30/10/2024,3,2,false,Email,Bronze,Moderate,Likely,M,34
14448,5,24/4/2024,6,5,false,Social Media,Silver,High,Likely,F,42
14825,6,25/11/2024,7,1,false,Email,Gold,High,Likely,F,34
16241,4,27/10/2024,1,5,true,Email,None,High,Very Likely,M,34
17457,2,6/9/2024,5,1,true,SMS,Silver,Moderate,Unlikely,F,47
16725,4,24/11/2024,4,1,false,Email,Bronze,High,Likely,F,48
14800,2,18/6/2024,5,2,true,SMS,None,High,Very Likely,M,21
14576,8,22/4/2024,3,4,true,Email,Bronze,Low,Neutral,F,26
12738,2,14/5/2024,6,0,false,SMS,Bronze,High,Likely,M,42
18109,2,15/3/2024,4,4,false,Email,Gold,High,Likely,F,9
14188,3,30/12/2024,5,2,true,Email,Bronze,Moderate,Likely,F,50
17692,3,27/9/2024,3,0,false,Email,None,High,Likely,F,11
14206,2,3/6/2024,4,3,true,Email,Silver,Low,Unlikely,F,24
16556,1,7/9/2024,3,1,false,Email,Gold,High,Very Likely,F,19
14213,5,8/6/2024,4,2,false,SMS,Gold,Low,Unlikely,F,25
13233,4,12/11/2024,4,0,true,Email,Silver,Moderate,Likely,M,30
14175,1,20/8/2024,0,2,true,Social Media,Bronze,Moderate,Likely,M,37
13784,5,20/11/2024,4,2,false,Email,Gold,Moderate,Likely,M,30
12609,0,,5,4,false,Email,Bronze,Moderate,Unlikely,F,3
18119,2,21/10/2024,4,1,false,Chatbot,None,High,Very Likely,F,20
13600,3,17/4/2024,2,2,false,Email,None,Low,Neutral,F,13
16850,1,18/10/2024,4,4,false,Social Media,Silver,Moderate,Likely,M,22
13451,3,21/12/2024,7,1,false,SMS,None,High,Likely,M,12
12414,2,27/12/2024,7,2,false,SMS,Gold,Low,Neutral,M,43
16262,0,,5,3,false,Email,Silver,Low,Unlikely,M,11
15023,2,7/5/2024,7,2,false,SMS,None,High,Very Likely,F,40
18239,3,24/2/2024,2,2,false,Social Media,Silver,High,Very Likely,M,20
17094,0,,4,2,true,Email,Gold,Moderate,Likely,M,35
16950,1,7/11/2024,7,3,true,SMS,None,Low,Neutral,F,26
12515,6,28/10/2024,8,2,false,SMS,Bronze,Moderate,Unlikely,F,28
16411,3,26/7/2024,7,3,true,Email,Bronze,High,Very Likely,F,40
12870,5,29/10/2024,4,0,false,SMS,Silver,Low,Unlikely,F,28
15366,2,23/12/2024,4,3,false,Email,Bronze,Moderate,Unlikely,M,37
15246,3,12/7/2024,4,1,true,SMS,None,High,Likely,F,2
15835,2,7/9/2024,7,2,false,Email,None,Moderate,Likely,F,46
13008,5,3/12/2024,6,2,false,Email,Bronze,Moderate,Likely,F,48
16716,4,17/11/2024,3,0,false,SMS,None,Low,Unlikely,F,44
15111,1,12/4/2024,7,3,false,Social Media,Gold,Moderate,Likely,M,9
13911,2,28/12/2024,4,1,false,SMS,None,High,Likely,M,30
13113,2,2/12/2024,6,4,false,Email,Bronze,High,Likely,M,44
15680,7,14/7/2024,3,0,false,SMS,Bronze,High,Very Likely,M,32
16367,3,18/9/2024,5,5,true,SMS,None,High,Likely,M,20
17572,2,22/10/2024,2,3,false,Chatbot,Gold,Low,Neutral,F,49
13694,0,,5,2,true,Email,None,High,Very Likely,F,44
14932,2,27/8/2024,4,1,true,Social Media,None,Moderate,Likely,M,35
12989,3,12/7/2024,6,2,false,SMS,Gold,Low,Unlikely,F,5
12429,3,17/8/2024,6,3,false,Email,Silver,Moderate,Likely,F,43
18277,4,7/11/2024,3,2,false,SMS,Bronze,Low,Unlikely,F,47
12951,4,1/10/2024,4,2,false,Email,None,Moderate,Likely,F,18
12468,7,8/12/2024,8,2,false,Email,Gold,Moderate,Likely,F,9
17033,6,8/8/2024,7,1,true,Social Media,Silver,Moderate,Likely,M,47
15544,1,28/4/2024,8,1,false,Email,Bronze,High,Likely,M,22
16353,2,13/9/2024,2,8,true,Email,Bronze,Moderate,Unlikely,M,6
16395,1,29/8/2024,6,3,false,Chatbot,None,High,Very Likely,M,18
12921,1,2/11/2024,3,4,false,Email,Bronze,High,Likely,M,49
14293,3,15/10/2024,7,4,false,Chatbot,None,Moderate,Unlikely,F,18
16997,5,23/11/2024,3,2,true,Email,Bronze,Moderate,Likely,F,35
15723,4,19/8/2024,8,1,false,SMS,Bronze,High,Likely,F,4
17017,2,10/3/2024,3,1,false,Chatbot,None,High,Very Likely,M,40
15218,0,,4,2,true,SMS,None,High,Very Likely,M,11
14321,6,17/11/2024,6,3,false,Email,Gold,High,Likely,F,24
12956,1,1/1/2025,2,2,true,Email,None,High,Likely,F,48
17980,2,17/11/2024,2,4,false,Email,None,Moderate,Unlikely,M,47
17547,1,24/9/2024,4,5,false,Social Media,None,Low,Unlikely,M,41
17730,2,30/12/2024,8,3,false,Chatbot,Bronze,Moderate,Unlikely,F,30
14368,5,16/12/2024,1,4,false,Chatbot,None,Moderate,Likely,F,4
15529,2,31/7/2024,10,4,true,Email,Silver,High,Likely,M,16
14031,3,19/8/2024,5,2,false,Email,Bronze,High,Very Likely,F,17
12464,1,23/12/2024,1,1,true,Social Media,None,Moderate,Likely,M,26
12725,0,,4,2,false,Email,Gold,High,Very Likely,F,48
14496,4,19/10/2024,3,1,false,Email,Bronze,Moderate,Likely,F,47
15563,5,8/10/2024,7,1,true,Email,Silver,Moderate,Likely,F,41
16326,5,10/12/2024,9,1,true,Email,Bronze,High,Likely,M,6
17044,1,15/12/2024,2,2,false,Chatbot,None,Low,Neutral,F,29
13494,3,28/10/2024,2,5,false,Email,Bronze,High,Likely,M,33
14895,2,11/10/2024,7,2,true,Chatbot,Silver,Low,Unlikely,M,42
15005,4,27/9/2024,4,4,true,Email,Silver,High,Very Likely,F,30
14472,2,20/1/2024,7,4,false,Chatbot,Bronze,High,Likely,F,10
14978,3,14/12/2024,8,0,true,Email,Bronze,High,Very Likely,M,36
18145,4,3/12/2024,5,2,true,Email,Silver,High,Likely,F,36
12484,3,24/10/2024,2,2,false,SMS,Silver,High,Likely,M,44
15513,1,18/3/2024,2,2,true,Chatbot,None,High,Very Likely,F,21
14911,4,16/5/2024,5,0,false,Social Media,Bronze,High,Likely,F,34
13198,1,10/12/2024,10,3,true,Chatbot,Silver,High,Likely,M,50
14256,1,18/9/2024,4,3,false,SMS,Silver,High,Likely,F,7
13754,2,23/6/2024,6,2,false,Chatbot,Silver,Low,Neutral,M,7
14242,1,27/9/2024,7,0,true,SMS,Silver,Low,Unlikely,F,26
17548,2,9/10/2024,8,2,true,Email,Bronze,Moderate,Unlikely,M,50
13565,6,21/11/2024,2,1,false,Chatbot,Silver,Moderate,Unlikely,F,8
18190,4,3/10/2024,6,2,true,Social Media,Bronze,Moderate,Likely,M,8
13269,3,2/5/2024,8,1,true,Social Media,Silver,High,Very Likely,F,41
17604,6,18/9/2024,7,2,false,SMS,Bronze,High,Likely,F,28
13652,4,18/10/2024,5,1,false,Social Media,Bronze,High,Very Likely,F,35
18219,3,27/6/2024,6,1,true,Email,Bronze,High,Very Likely,F,32
18176,2,8/10/2024,4,0,true,SMS,None,Moderate,Unlikely,M,19
17787,3,30/4/2024,3,3,false,Email,None,High,Likely,M,8
15808,3,14/7/2024,5,1,false,Email,None,High,Very Likely,F,6
18202,2,12/11/2024,8,1,false,Email,None,High,Very Likely,F,18
14355,3,10/9/2024,12,2,false,Email,None,Moderate,Unlikely,F,7
12383,2,18/8/2024,2,2,false,SMS,Bronze,High,Very Likely,M,32
14309,3,28/9/2024,5,4,false,Email,Silver,Moderate,Likely,F,49
14871,1,18/9/2024,0,1,false,Email,Bronze,High,Very Likely,M,27
17576,2,5/7/2024,9,1,false,Email,Bronze,High,Likely,F,23
14282,2,31/3/2024,5,2,false,Email,None,High,Very Likely,F,37
14505,4,15/11/2024,5,0,false,SMS,None,High,Very Likely,F,8
15167,4,8/9/2024,2,3,false,Email,Bronze,High,Very Likely,M,2
17602,6,15/11/2024,2,3,false,Email,Bronze,High,Very Likely,M,40
17517,4,30/12/2024,7,2,false,Chatbot,Gold,Moderate,Unlikely,F,20
18226,1,3/8/2024,3,3,true,SMS,Bronze,High,Very Likely,F,40
14292,2,6/12/2024,3,3,true,Email,None,Moderate,Likely,M,22
13047,5,21/4/2024,5,2,true,SMS,Bronze,High,Very Likely,M,43
15502,5,10/10/2024,7,1,false,Email,None,High,Likely,F,27
16949,5,27/12/2024,5,1,false,Email,Silver,Low,Unlikely,M,44
13963,4,19/10/2024,4,2,false,Social Media,Silver,High,Likely,F,40
15460,4,10/11/2024,7,1,true,Email,Bronze,High,Very Likely,F,4
12441,4,28/6/2024,3,1,false,Email,Bronze,High,Very Likely,F,39
18125,5,12/12/2024,2,2,true,Chatbot,Bronze,High,Likely,F,3
15769,7,8/11/2024,6,3,false,Email,Bronze,Moderate,Unlikely,F,25
13094,5,30/4/2024,5,3,false,SMS,None,Low,Neutral,M,10
13782,4,29/10/2024,6,1,true,SMS,None,High,Very Likely,M,17
14298,1,4/8/2024,8,3,false,Chatbot,Bronze,High,Very Likely,M,41
13815,3,11/12/2024,3,3,false,Email,Silver,High,Likely,F,33
15024,5,17/12/2024,7,2,false,SMS,Silver,High,Likely,F,9
13817,3,18/11/2024,5,1,false,Chatbot,Bronze,Low,Unlikely,M,14
17739,1,20/8/2024,9,3,true,SMS,Gold,Moderate,Likely,F,7
12971,2,30/3/2024,8,1,true,Chatbot,Bronze,High,Very Likely,F,43
13599,4,14/8/2024,6,2,false,Social Media,None,High,Very Likely,F,46
13140,3,10/11/2024,4,5,false,Chatbot,Bronze,Moderate,Likely,M,34
13649,0,,8,5,false,Email,Bronze,Low,Unlikely,F,34
13705,3,17/9/2024,4,2,false,SMS,Silver,Moderate,Likely,F,39
12413,1,9/10/2024,4,2,false,Email,None,High,Likely,F,15
15165,2,15/11/2024,4,5,false,Email,Bronze,High,Very Likely,F,36
15079,3,20/11/2024,4,1,false,Email,None,High,Likely,F,45
13011,5,25/10/2024,6,1,false,Chatbot,Bronze,Moderate,Likely,F,18
12963,1,19/12/2024,3,5,false,Email,None,Moderate,Likely,M,9
15607,4,17/10/2024,5,5,false,Email,None,Moderate,Unlikely,F,40
13874,3,30/9/2024,6,1,false,Chatbot,None,Moderate,Unlikely,F,39
16265,3,15/11/2024,1,1,true,Social Media,Bronze,High,Very Likely,M,38
12433,5,4/12/2024,6,5,true,Email,None,High,Likely,M,32
15646,1,27/2/2024,7,3,false,Social Media,None,High,Likely,M,10
12483,2,21/7/2024,4,2,true,Email,Silver,Moderate,Likely,F,39
15547,4,15/12/2024,4,1,false,Email,Silver,High,Likely,M,40
17708,3,30/11/2024,6,2,false,Chatbot,None,High,Very Likely,M,44
15048,1,6/8/2024,3,1,false,Email,Bronze,Moderate,Likely,M,17
15518,3,25/11/2024,8,2,false,Email,None,High,Likely,F,7
16359,1,5/11/2024,9,1,false,Email,Silver,Low,Unlikely,F,49
17091,2,27/3/2024,4,2,true,SMS,None,High,Very Likely,F,37
18065,3,25/12/2024,5,0,true,SMS,Bronze,High,Likely,F,47
18168,3,23/5/2024,3,1,false,Email,Bronze,High,Likely,F,5
17567,3,5/5/2024,6,0,true,Email,Silver,Moderate,Likely,F,9
16904,3,9/6/2024,2,3,false,SMS,Bronze,High,Very Likely,F,17
16315,4,25/10/2024,8,1,false,SMS,Bronze,Moderate,Likely,M,35
14320,3,17/4/2024,3,1,true,Email,Bronze,High,Likely,F,29
13707,2,14/12/2024,4,2,true,Email,Gold,High,Very Likely,F,28
15180,4,10/8/2024,6,0,true,SMS,None,Low,Neutral,F,41
14258,1,4/12/2024,7,1,true,Chatbot,None,Moderate,Unlikely,F,31
14970,0,,6,1,false,Social Media,Gold,Moderate,Likely,F,46
12928,1,12/12/2024,1,2,true,Email,Silver,High,Likely,F,21
14334,2,13/7/2024,4,2,false,Chatbot,Silver,High,Likely,M,41
14913,2,4/11/2024,6,3,false,Email,None,Moderate,Unlikely,M,4
12872,4,13/12/2024,6,3,true,Social Media,Silver,High,Likely,M,20
13539,4,23/12/2024,6,0,false,Chatbot,None,Moderate,Likely,M,24
14248,3,27/12/2024,3,2,false,Chatbot,None,Low,Unlikely,M,34
17041,4,13/10/2024,4,3,false,Social Media,None,Low,Unlikely,F,15
17068,1,21/8/2024,4,1,false,SMS,Bronze,High,Likely,F,31
16206,4,15/12/2024,2,2,false,SMS,Gold,Moderate,Unlikely,F,28
18233,4,29/10/2024,5,2,false,Chatbot,Bronze,Low,Unlikely,F,2
16350,1,25/4/2024,6,3,false,Email,Bronze,High,Likely,F,31
12510,1,17/12/2024,6,2,false,Chatbot,None,High,Likely,F,25
17128,4,18/10/2024,8,1,false,Chatbot,Silver,Moderate,Unlikely,F,47
14373,1,30/8/2024,6,4,false,Social Media,None,Low,Unlikely,F,40
16387,3,14/4/2024,6,2,false,SMS,Silver,Moderate,Likely,F,20
16520,5,27/6/2024,5,2,false,Chatbot,Bronze,High,Likely,F,37
16419,3,10/9/2024,2,3,false,Email,Silver,Moderate,Unlikely,F,50
13611,4,19/5/2024,6,3,true,Chatbot,Silver,Moderate,Likely,F,5
17188,3,4/12/2024,6,2,true,Email,Bronze,High,Likely,M,8
17735,2,21/9/2024,1,0,false,Email,Silver,High,Likely,M,49
16473,3,20/9/2024,2,3,true,Chatbot,None,Moderate,Unlikely,F,36
12489,5,4/5/2024,4,2,true,Email,None,Moderate,Likely,M,2
16496,3,26/11/2024,2,3,false,Email,Silver,High,Very Likely,M,16
15549,2,16/11/2024,3,3,false,Chatbot,Bronze,High,Likely,F,5
15687,3,14/8/2024,6,1,false,Email,Gold,High,Likely,M,20
18118,5,31/8/2024,5,3,false,Chatbot,Silver,High,Likely,M,24
13523,4,4/9/2024,5,2,false,Email,Silver,Moderate,Likely,F,13
15525,4,13/9/2024,6,0,false,Email,Bronze,High,Very Likely,M,48
13742,1,20/10/2024,9,5,false,SMS,Bronze,High,Very Likely,F,6
15443,2,27/9/2024,0,3,false,Email,Silver,High,Likely,M,27
12916,1,27/6/2024,2,2,false,SMS,Silver,High,Likely,F,2
17019,3,22/10/2024,8,3,true,Email,None,High,Likely,M,25
17812,3,20/5/2024,5,1,true,Social Media,Bronze,High,Very Likely,M,20
13034,2,7/3/2024,5,2,false,Email,Bronze,Moderate,Unlikely,F,40
12779,2,7/11/2024,3,1,true,Chatbot,Bronze,High,Very Likely,F,28
17007,3,16/9/2024,7,3,false,Email,None,Moderate,Likely,F,3
18044,0,,8,3,false,Email,None,Low,Unlikely,F,9
12386,4,9/9/2024,7,1,false,Social Media,None,High,Likely,M,38
12377,0,,4,1,false,Social Media,None,High,Likely,F,27
17593,2,14/11/2024,2,2,false,SMS,None,High,Very Likely,F,22
16885,4,5/12/2024,3,3,false,Email,None,High,Likely,M,27
12523,1,11/11/2024,7,0,false,Email,Silver,Moderate,Unlikely,F,35
15838,3,18/9/2024,7,2,false,Email,Gold,Low,Unlikely,F,9
16401,3,17/7/2024,8,3,true,SMS,None,Low,Unlikely,M,40
16156,2,18/12/2024,5,2,false,Email,Bronze,Moderate,Unlikely,F,24
12868,5,2/10/2024,5,2,true,SMS,Silver,High,Likely,F,8
13048,5,30/10/2024,3,1,false,Social Media,Bronze,High,Very Likely,M,45
14534,2,20/11/2024,4,1,false,Email,None,High,Likely,M,14
16316,0,,2,0,false,Email,Bronze,High,Very Likely,F,44
13569,2,9/7/2024,4,0,true,Email,Silver,High,Very Likely,M,14
15110,2,21/10/2024,2,1,false,Email,Gold,Moderate,Unlikely,F,8
18037,3,13/12/2024,7,1,true,Email,None,Moderate,Unlikely,M,46
14985,2,12/9/2024,10,4,false,Email,Bronze,High,Likely,F,4
12944,2,21/9/2024,4,4,false,Email,None,Moderate,Likely,F,43
14401,4,21/9/2024,3,2,true,Email,None,High,Likely,F,20
15078,3,29/6/2024,4,2,false,Chatbot,None,High,Likely,F,6
14901,3,13/3/2024,8,6,true,Email,Bronze,High,Likely,F,4
14744,1,8/6/2024,5,0,false,Chatbot,None,Moderate,Likely,F,31
12472,4,22/3/2024,4,2,false,Chatbot,None,High,Likely,F,2
14419,1,22/9/2024,6,1,true,Chatbot,None,Moderate,Unlikely,M,20
17530,3,9/6/2024,5,3,false,SMS,Gold,High,Very Likely,F,28
14776,1,11/12/2024,6,1,false,SMS,None,High,Very Likely,F,42
13756,0,,6,3,false,Email,Silver,Moderate,Unlikely,F,6
12753,1,8/7/2024,6,1,false,Chatbot,Bronze,High,Very Likely,F,13
14618,1,20/10/2024,5,2,false,Chatbot,None,Low,Neutral,M,13
17552,3,3/5/2024,4,2,false,Email,None,Moderate,Unlikely,F,44
12415,3,9/11/2024,5,0,false,SMS,Silver,High,Likely,M,29
18074,2,4/6/2024,6,2,true,SMS,Silver,Moderate,Likely,F,10
14221,2,25/12/2024,2,2,false,Email,Silver,Moderate,Likely,F,39
17524,3,16/7/2024,5,2,true,SMS,None,Low,Unlikely,F,4
13656,2,29/11/2024,6,1,false,SMS,None,High,Likely,M,44
14573,2,21/12/2024,2,2,false,Chatbot,Gold,High,Very Likely,M,40
14133,2,5/12/2024,6,2,true,Social Media,Bronze,High,Likely,F,32
13004,2,7/10/2024,7,4,true,Email,Bronze,High,Very Likely,F,37
14524,2,26/9/2024,2,1,false,SMS,None,Moderate,Likely,F,15
15864,4,15/11/2024,7,2,true,Chatbot,None,Low,Unlikely,F,17
14878,3,23/10/2024,7,3,false,SMS,None,Moderate,Unlikely,M,12
18004,2,2/11/2024,7,4,false,Chatbot,Silver,High,Likely,F,30
14560,5,3/11/2024,6,4,false,Email,None,High,Likely,M,40
12712,6,3/10/2024,4,3,true,SMS,Bronze,High,Likely,M,37
17581,5,7/2/2024,3,4,false,Social Media,None,High,Very Likely,M,25
17243,3,9/7/2024,4,4,false,Chatbot,Bronze,High,Very Likely,M,9
15332,3,9/5/2024,2,1,false,SMS,Bronze,High,Very Likely,F,30
18161,4,23/10/2024,8,2,true,Social Media,Bronze,Moderate,Likely,F,47
15081,5,27/6/2024,6,1,true,Email,None,Moderate,Unlikely,M,24
13564,3,9/12/2024,5,0,false,Chatbot,Bronze,High,Very Likely,M,26
17802,3,9/10/2024,3,1,false,Chatbot,Gold,Moderate,Likely,F,13
17611,4,26/5/2024,1,2,true,Chatbot,Bronze,High,Very Likely,M,26
13069,3,6/9/2024,5,3,false,Email,Bronze,High,Likely,F,38
15370,1,1/12/2024,4,4,true,Chatbot,None,Moderate,Unlikely,F,38
17769,1,17/8/2024,7,2,true,Email,Silver,High,Likely,M,32
18198,5,29/12/2024,3,5,true,Email,Silver,High,Likely,F,29
15139,3,2/11/2024,5,3,false,Chatbot,None,Moderate,Likely,M,16
15384,6,31/8/2024,7,2,false,Email,Silver,High,Very Likely,M,30
17884,4,23/2/2024,10,2,false,SMS,None,High,Likely,F,37
13819,4,16/12/2024,8,2,true,Chatbot,Bronze,High,Likely,F,7
15468,5,8/11/2024,7,1,true,Email,Bronze,Low,Unlikely,F,23
18230,1,12/8/2024,6,3,false,Email,Silver,Moderate,Unlikely,F,36
17838,3,24/7/2024,5,2,true,Social Media,None,High,Likely,F,14
15208,2,28/12/2024,7,3,false,SMS,Bronze,Low,Unlikely,M,16
12348,3,3/8/2024,6,2,false,SMS,None,Moderate,Unlikely,M,39
17796,4,23/5/2024,5,2,false,Email,Silver,High,Very Likely,F,5
15421,5,22/12/2024,1,5,true,Chatbot,Gold,Low,Unlikely,F,49
13502,3,1/10/2024,5,2,false,Chatbot,None,Low,Unlikely,F,32
15799,2,28/11/2024,3,6,false,Email,Silver,Moderate,Likely,M,31
13672,1,27/9/2024,6,1,false,Chatbot,None,Low,Unlikely,F,45
14866,4,31/12/2024,0,3,false,Email,Silver,Low,Unlikely,F,43
13715,1,28/5/2024,5,2,false,Email,None,High,Likely,M,23
15039,5,28/8/2024,7,1,true,Email,Bronze,High,Very Likely,F,19
14501,3,15/12/2024,2,2,false,Social Media,None,Moderate,Unlikely,F,20
13831,3,18/3/2024,5,3,false,SMS,Silver,Low,Unlikely,F,35
17071,1,26/12/2024,7,3,false,Social Media,Gold,Moderate,Likely,F,15
15061,2,26/2/2024,9,2,false,Email,None,High,Likely,M,7
15171,2,20/10/2024,3,3,false,Chatbot,Silver,Low,Neutral,F,48
13862,1,16/12/2024,5,0,true,Email,Silver,High,Likely,M,32
13786,5,25/9/2024,7,4,false,Chatbot,None,Moderate,Likely,M,21
12666,0,,2,2,false,Email,Bronze,Low,Unlikely,M,13
15057,1,18/12/2024,4,2,false,SMS,None,High,Likely,M,12
14068,2,17/12/2024,5,2,true,SMS,Bronze,High,Very Likely,M,32
13089,3,12/12/2024,0,4,true,Chatbot,None,High,Likely,F,25
15296,1,16/9/2024,2,3,true,SMS,Bronze,High,Likely,M,40
17860,2,19/11/2024,3,1,true,Social Media,Bronze,High,Very Likely,F,49
13295,2,3/11/2024,4,1,false,Email,Gold,Low,Neutral,F,33
14081,2,17/3/2024,6,1,false,Email,None,High,Very Likely,F,49
15021,2,2/7/2024,9,1,false,Email,None,High,Likely,F,35
12664,1,24/4/2024,3,2,false,SMS,None,Moderate,Likely,M,14
12744,2,10/12/2024,4,1,false,Email,None,High,Likely,M,16
18095,4,27/10/2024,5,1,false,Chatbot,Bronze,High,Very Likely,F,14
16303,5,14/12/2024,5,1,false,Email,Gold,High,Likely,F,12
16795,2,16/9/2024,6,2,false,Email,None,High,Very Likely,F,20
14413,3,20/12/2024,3,2,true,Chatbot,None,Moderate,Unlikely,F,34
18245,4,4/8/2024,4,1,false,Email,None,High,Very Likely,F,5
14443,3,29/2/2024,5,0,false,Chatbot,Gold,High,Very Likely,F,41
16655,2,6/11/2024,8,4,true,Social Media,None,High,Likely,M,40
12567,0,,9,2,false,Email,Gold,High,Likely,F,23
17095,4,13/12/2024,6,0,true,Email,Bronze,Moderate,Likely,M,35
17965,5,3/5/2024,4,0,true,Email,None,High,Very Likely,F,7
12854,4,9/12/2024,4,1,false,Chatbot,Bronze,High,Likely,M,42
12731,1,23/10/2024,8,1,true,Email,None,High,Likely,F,28
16928,1,7/8/2024,5,1,false,Email,Silver,Moderate,Likely,F,19
17961,2,11/2/2024,3,1,false,Social Media,Bronze,High,Likely,F,10
14594,4,19/11/2024,3,1,true,Email,None,High,Very Likely,M,5
14439,4,17/10/2024,7,1,true,Chatbot,None,High,Likely,F,48
15967,7,5/12/2024,1,3,true,Social Media,Bronze,High,Very Likely,F,12
16458,1,7/8/2024,3,0,false,Email,Silver,High,Likely,M,12
15973,2,10/12/2024,2,3,false,Chatbot,Bronze,Moderate,Likely,M,9
12838,3,29/7/2024,3,3,false,Email,None,High,Likely,F,31
15497,6,25/12/2024,7,0,false,Email,None,Low,Unlikely,F,2
16926,2,21/12/2024,4,0,false,Email,Silver,Moderate,Likely,M,48
13327,5,16/9/2024,5,0,true,Email,Bronze,High,Likely,F,14
12528,3,28/12/2024,6,2,false,Email,Bronze,High,Likely,F,43
16954,3,1/6/2024,7,3,false,Social Media,Bronze,Moderate,Likely,F,6
16244,5,11/8/2024,11,3,false,Email,Bronze,High,Likely,F,36
12826,6,14/9/2024,6,7,true,Email,Gold,High,Likely,M,33
16409,1,24/10/2024,5,2,false,SMS,Gold,High,Likely,F,45
12553,2,6/12/2024,1,0,true,Chatbot,None,High,Very Likely,F,8
15454,1,28/10/2024,4,1,true,Email,None,Moderate,Likely,M,39
14215,2,7/8/2024,5,0,false,Social Media,Silver,High,Very Likely,F,29
15831,2,29/12/2024,3,2,false,SMS,Bronze,Moderate,Likely,F,39
17343,6,11/8/2024,7,0,false,Social Media,None,Moderate,Unlikely,M,32
12766,1,9/5/2024,3,4,true,Email,None,High,Likely,F,22
14543,1,10/5/2024,8,1,false,Email,Gold,Moderate,Unlikely,M,11
17340,4,9/8/2024,2,1,false,SMS,Gold,High,Very Likely,F,36
15752,3,2/12/2024,5,1,false,SMS,Silver,Moderate,Likely,F,27
13984,1,14/8/2024,2,0,false,SMS,None,Low,Unlikely,F,34
13408,2,6/5/2024,8,1,true,Email,Silver,High,Likely,M,30
18106,3,2/10/2024,4,0,false,Email,Silver,High,Likely,F,49
17744,3,17/7/2024,9,6,true,SMS,None,High,Likely,F,42
12726,2,19/10/2024,4,1,true,Email,Silver,High,Very Likely,M,25
13402,6,1/2/2024,4,2,false,Email,Bronze,Moderate,Likely,M,42
14805,1,27/11/2024,5,1,false,Social Media,Silver,High,Very Likely,M,20
15605,2,4/11/2024,6,1,true,Social Media,None,Moderate,Likely,F,21
14156,2,28/5/2024,5,1,false,Email,Bronze,High,Likely,F,5
17913,5,23/9/2024,5,0,false,Email,Bronze,High,Likely,F,29
14167,2,7/11/2024,5,2,true,Chatbot,Bronze,Moderate,Likely,M,29
15716,2,6/3/2024,1,1,false,Social Media,Gold,High,Likely,F,2
16755,4,6/12/2024,7,2,false,Social Media,None,Moderate,Likely,F,33
14189,4,14/6/2024,6,5,true,Email,None,High,Likely,F,7
14713,4,6/7/2024,7,1,false,Email,None,High,Likely,F,42
15640,1,15/6/2024,3,0,false,Social Media,None,High,Very Likely,F,30
13027,3,3/11/2024,3,1,false,Email,None,Low,Unlikely,F,15
14205,2,17/6/2024,6,3,true,Email,Bronze,Moderate,Likely,M,26
14037,4,27/11/2024,1,0,true,Email,Bronze,High,Likely,M,24
15673,4,8/9/2024,4,3,true,Email,Silver,High,Likely,M,24
16274,2,16/7/2024,9,2,false,Email,None,High,Very Likely,F,43
12693,0,,3,1,false,Email,None,Low,Neutral,F,4
14237,2,5/9/2024,6,1,false,Email,Silver,High,Likely,F,39
16112,2,3/9/2024,3,2,true,Chatbot,None,Moderate,Likely,F,16
13890,3,15/4/2024,5,2,false,Social Media,Silver,High,Likely,F,31
14672,4,9/9/2024,6,4,false,Chatbot,Bronze,High,Very Likely,M,8
14390,3,14/2/2024,1,1,false,SMS,None,High,Very Likely,M,37
14782,2,28/12/2024,6,3,false,Chatbot,Bronze,Moderate,Unlikely,M,12
14113,3,17/7/2024,2,0,false,SMS,Gold,High,Very Likely,M,23
15596,3,16/7/2024,3,1,true,Email,None,High,Likely,F,39
17449,2,17/7/2024,3,2,false,Chatbot,Bronze,High,Very Likely,F,24
13473,1,28/11/2024,5,3,false,Email,None,Low,Unlikely,F,5
14708,7,29/8/2024,5,1,false,Email,Gold,High,Very Likely,F,16
15854,4,9/11/2024,2,2,false,Email,Bronze,High,Likely,M,44
17999,3,19/11/2024,2,2,true,Email,Gold,High,Very Likely,F,30
17179,4,18/12/2024,7,3,true,Email,None,Moderate,Unlikely,F,31
16858,3,10/4/2024,4,3,false,Email,Silver,Low,Unlikely,F,47
14001,2,6/12/2024,7,4,false,SMS,Silver,Moderate,Likely,F,10
15033,2,22/4/2024,7,3,false,Chatbot,None,High,Likely,M,10
16221,4,22/9/2024,4,3,true,Chatbot,Silver,Moderate,Likely,F,9
13230,3,1/7/2024,2,1,false,Chatbot,None,High,Likely,M,30
12395,3,17/8/2024,5,0,false,SMS,Gold,High,Likely,F,10
15226,1,16/12/2024,5,5,true,Social Media,Bronze,Moderate,Likely,F,37
15922,2,21/12/2024,6,3,false,Chatbot,Bronze,Low,Unlikely,M,29
16897,1,28/12/2024,2,2,false,Email,Silver,High,Likely,M,49
12594,8,30/11/2024,5,0,true,Email,Bronze,Moderate,Unlikely,F,13
14842,3,31/12/2024,6,1,false,Email,Bronze,Low,Unlikely,F,14
13115,4,3/9/2024,6,3,false,SMS,Silver,Low,Unlikely,F,26
17428,1,20/4/2024,2,2,false,Email,Bronze,High,Likely,F,14
12908,1,21/12/2024,3,3,false,Chatbot,None,Low,Unlikely,M,32
13627,1,14/10/2024,4,1,false,Chatbot,None,Moderate,Likely,F,49
16843,1,18/10/2024,7,3,true,Chatbot,None,Moderate,Likely,M,31
16125,3,2/9/2024,4,2,false,Email,Bronze,Moderate,Unlikely,M,22
12637,1,22/11/2024,8,0,false,Social Media,Silver,High,Likely,F,13
17404,1,6/9/2024,4,0,false,Chatbot,None,High,Very Likely,F,11
16550,4,28/8/2024,6,0,false,Email,Bronze,High,Likely,F,34
16918,3,9/8/2024,5,2,false,Email,Silver,High,Very Likely,M,47
15339,3,1/11/2024,8,3,false,SMS,Bronze,High,Likely,F,47
14460,3,14/12/2024,10,0,false,SMS,Silver,Low,Unlikely,F,38
15358,4,13/9/2024,6,2,true,Email,None,High,Very Likely,F,35
17819,4,5/7/2024,4,1,false,Chatbot,Silver,Moderate,Likely,M,13
17373,5,9/12/2024,5,2,false,SMS,Bronze,High,Likely,M,11
13313,2,18/7/2024,2,4,false,Email,None,Low,Unlikely,M,42
16403,2,14/12/2024,6,1,false,Social Media,Bronze,Moderate,Likely,F,26
17311,2,27/10/2024,2,2,false,Email,Bronze,High,Likely,F,6
16500,3,25/11/2024,6,1,false,SMS,Gold,Low,Neutral,M,6
12500,2,17/11/2024,1,3,false,SMS,Silver,Moderate,Unlikely,F,46
16442,2,17/12/2024,7,0,false,SMS,Silver,High,Very Likely,F,46
17880,3,19/6/2024,4,2,true,Email,Bronze,High,Very Likely,M,12
13064,1,9/12/2024,6,2,false,Social Media,Silver,Low,Neutral,M,15
17855,6,14/10/2024,7,4,true,Email,Bronze,Low,Unlikely,F,13
16048,7,23/6/2024,6,0,true,Email,None,Moderate,Likely,M,12
15159,5,5/11/2024,5,1,true,Social Media,None,High,Very Likely,F,29
12422,4,11/11/2024,2,1,false,Social Media,Bronze,High,Likely,M,50
16086,1,12/9/2024,10,1,true,Social Media,Silver,Moderate,Unlikely,F,47
15365,3,24/11/2024,4,1,false,Email,Gold,Moderate,Unlikely,M,30
13941,3,27/12/2024,6,2,false,Email,Silver,Moderate,Likely,F,38
12477,4,26/12/2024,7,7,true,SMS,Silver,Low,Neutral,F,10
16013,5,30/4/2024,6,2,true,Email,Bronze,Low,Neutral,M,31
17696,1,20/2/2024,0,3,false,SMS,None,Moderate,Likely,F,2
16567,3,14/1/2024,4,0,false,SMS,Silver,High,Very Likely,F,20
12935,2,8/12/2024,3,5,false,SMS,Bronze,Moderate,Unlikely,F,23
17256,3,31/8/2024,3,5,true,Email,None,Moderate,Unlikely,F,43
14821,2,29/10/2024,8,1,false,Email,None,Low,Unlikely,M,41
13581,6,20/12/2024,3,2,false,Email,Bronze,Low,Unlikely,F,47
15211,3,26/6/2024,8,3,false,SMS,Bronze,Moderate,Unlikely,M,40
13000,1,30/4/2024,6,2,false,Email,Bronze,Moderate,Unlikely,M,32
17418,3,3/11/2024,8,2,true,Chatbot,Silver,Moderate,Likely,M,26
15240,1,31/10/2024,6,0,true,Chatbot,None,High,Likely,M,40
15270,3,26/12/2024,8,3,false,Email,Silver,Moderate,Likely,F,36
12359,3,11/10/2024,4,4,true,SMS,Silver,Moderate,Likely,M,41
16255,4,11/5/2024,7,4,false,Email,None,High,Very Likely,M,7
15880,5,20/7/2024,9,2,false,Email,Bronze,High,Very Likely,F,33
13174,2,29/10/2024,5,2,false,SMS,Silver,High,Very Likely,M,25
13767,6,11/10/2024,6,2,false,Chatbot,Bronze,High,Very Likely,F,29
17456,2,17/8/2024,4,2,true,Social Media,Bronze,Moderate,Likely,F,34
15260,3,16/3/2024,2,1,false,SMS,Bronze,Moderate,Likely,F,45
13211,3,30/10/2024,7,1,false,Email,Silver,Low,Unlikely,F,33
13800,3,31/12/2024,3,3,false,Email,None,High,Very Likely,F,27
13901,5,29/11/2024,5,1,false,Chatbot,None,High,Likely,F,10
16168,3,23/10/2024,5,3,false,Email,Bronze,Low,Unlikely,M,24
13284,0,,6,5,false,Email,None,Moderate,Likely,F,14
15100,1,28/12/2024,5,2,false,Chatbot,Bronze,Moderate,Likely,M,49
17491,2,25/10/2024,3,1,true,Chatbot,None,Moderate,Unlikely,F,31
13253,4,3/8/2024,5,3,false,Chatbot,None,Moderate,Likely,M,38
13090,5,16/3/2024,6,2,false,Email,None,Moderate,Likely,M,4
17706,1,17/6/2024,4,2,false,Social Media,Silver,High,Very Likely,M,29
13104,6,29/10/2024,3,4,false,SMS,None,Low,Neutral,F,20
13238,1,31/8/2024,4,1,false,Chatbot,Silver,Low,Unlikely,M,19
17682,2,22/6/2024,5,3,false,Email,Bronze,Moderate,Unlikely,M,39
17949,2,4/11/2024,5,1,true,Email,Silver,Low,Unlikely,F,15
13922,1,16/11/2024,3,2,true,SMS,None,Low,Neutral,F,11
13126,4,14/8/2024,4,2,true,SMS,Bronze,High,Very Likely,F,37
13110,5,11/11/2024,6,3,true,Email,None,High,Likely,F,36
13148,4,1/6/2024,7,3,false,Email,Bronze,High,Very Likely,M,16
17644,5,23/8/2024,8,5,false,Chatbot,Bronze,Low,Unlikely,F,5
13178,4,27/9/2024,5,2,false,Email,None,High,Very Likely,F,9
13869,1,30/8/2024,3,2,false,Email,None,High,Very Likely,F,6
13145,2,24/3/2024,5,3,false,SMS,Silver,Low,Neutral,F,4
15290,2,7/5/2024,4,7,true,SMS,Bronze,High,Very Likely,F,3
17676,4,2/10/2024,2,1,true,Email,Bronze,Moderate,Likely,M,15
17442,3,1/11/2024,5,4,false,Social Media,None,Low,Unlikely,M,34
15987,1,22/11/2024,8,1,false,Email,Bronze,Moderate,Unlikely,F,32
16782,3,1/8/2024,6,2,false,Chatbot,None,High,Likely,F,45
17675,0,,7,4,true,Email,None,High,Very Likely,F,17
15179,4,3/11/2024,5,4,true,SMS,None,High,Likely,F,19
14684,3,3/11/2024,6,3,false,SMS,None,High,Likely,F,4
16618,3,23/9/2024,4,0,false,Email,Silver,High,Likely,F,11
14761,6,24/12/2024,3,4,true,Email,Bronze,Moderate,Likely,F,17
14437,6,29/12/2024,4,5,true,Email,None,Moderate,Likely,F,3
17951,0,,6,2,false,Chatbot,Gold,Moderate,Unlikely,F,36
16779,4,24/3/2024,1,5,false,Email,Bronze,High,Very Likely,M,11
17659,2,10/6/2024,5,1,false,Email,None,Moderate,Likely,F,33
16210,1,23/12/2024,6,1,false,Email,None,High,Likely,M,49
15983,2,20/11/2024,4,2,false,Social Media,None,High,Likely,M,25
16607,0,,2,2,false,Email,Gold,High,Likely,F,31
17082,1,21/11/2024,9,1,false,SMS,Gold,High,Likely,F,30
16638,2,19/2/2024,6,2,true,SMS,Bronze,Moderate,Likely,F,34
17126,5,5/4/2024,3,5,true,Chatbot,Bronze,High,Very Likely,F,32
17621,5,5/9/2024,4,2,false,Email,Silver,High,Very Likely,M,25
17362,0,,4,0,false,Social Media,None,Moderate,Unlikely,F,46
17920,3,2/4/2024,6,2,false,Email,Silver,High,Very Likely,F,18
16919,1,18/7/2024,4,5,false,Email,None,High,Likely,F,10
16705,1,16/2/2024,3,4,false,Email,None,High,Likely,F,18
12676,5,18/10/2024,6,5,false,Email,None,Moderate,Unlikely,F,38
17356,4,24/9/2024,6,2,true,Email,Silver,Moderate,Unlikely,F,8
16109,1,31/12/2024,6,2,true,Chatbot,None,Low,Unlikely,F,50
16735,2,26/12/2024,4,3,true,SMS,None,High,Likely,M,42
13385,3,15/9/2024,5,2,true,Chatbot,Silver,High,Very Likely,F,26
12842,2,29/12/2024,2,1,false,Email,None,High,Very Likely,F,27
17338,1,24/9/2024,6,4,false,SMS,Silver,High,Very Likely,F,40
17507,4,24/12/2024,5,2,false,SMS,Bronze,High,Likely,F,25
17334,4,25/12/2024,6,1,false,Email,None,Moderate,Likely,F,8
15426,2,20/4/2024,6,2,false,SMS,Bronze,High,Very Likely,F,17
13369,2,8/12/2024,7,3,true,Social Media,Bronze,Moderate,Likely,F,24
17227,8,5/12/2024,7,2,false,Chatbot,None,Low,Unlikely,F,19
17849,3,9/11/2024,4,3,false,Email,None,Moderate,Likely,M,8
14662,2,10/12/2024,5,2,true,Chatbot,None,High,Very Likely,M,36
13319,7,11/9/2024,7,2,false,Chatbot,Gold,High,Likely,F,27
16873,2,5/5/2024,1,2,false,SMS,Silver,High,Very Likely,M,6
12539,3,26/12/2024,6,3,false,Chatbot,Silver,High,Likely,M,13
14667,4,2/7/2024,4,3,false,Chatbot,None,High,Likely,F,30
12649,4,29/9/2024,6,3,true,Email,None,Low,Unlikely,M,33
14540,5,31/12/2024,4,0,true,Email,None,Moderate,Likely,F,12
15919,3,1/11/2024,7,2,false,Email,Bronze,High,Likely,F,24
14092,4,5/12/2024,5,3,false,SMS,None,High,Likely,F,41
14159,4,12/11/2024,7,4,true,Chatbot,None,High,Likely,F,13
14088,5,16/8/2024,4,0,false,Email,Bronze,High,Very Likely,M,39
17402,2,13/4/2024,5,3,false,SMS,Bronze,High,Likely,F,37
12645,3,10/11/2024,4,1,false,Chatbot,Bronze,High,Very Likely,F,50
18085,5,4/8/2024,5,2,true,Email,Gold,High,Very Likely,M,34
17975,2,6/7/2024,1,1,false,SMS,Bronze,High,Very Likely,M,6
17375,2,28/5/2024,3,1,false,SMS,None,High,Very Likely,M,21
16767,1,7/11/2024,2,1,true,Email,None,High,Very Likely,M,29
12727,5,6/12/2024,4,1,false,Email,None,Moderate,Unlikely,M,6
16817,3,29/8/2024,5,2,false,Chatbot,Bronze,High,Very Likely,M,20
16943,1,3/12/2024,2,4,true,SMS,None,Moderate,Likely,M,34
12682,0,,5,4,true,Social Media,Silver,High,Very Likely,F,33
14577,3,10/4/2024,5,4,true,Email,Silver,High,Very Likely,M,36
16771,3,16/8/2024,4,1,false,Social Media,None,High,Likely,M,39
16985,2,10/8/2024,3,1,false,Social Media,None,High,Likely,F,5
14047,3,1/3/2024,4,4,false,Email,None,Moderate,Likely,F,10
16726,5,4/8/2024,3,2,false,Email,None,High,Likely,F,19
14051,0,,6,0,true,Email,Silver,High,Very Likely,M,6
16043,1,4/11/2024,1,1,false,Email,Bronze,High,Very Likely,F,19
14828,7,20/7/2024,7,0,false,Chatbot,None,Moderate,Likely,F,25
14044,5,30/12/2024,4,1,false,Email,Bronze,High,Very Likely,M,49
14657,3,12/11/2024,5,2,false,Email,None,High,Very Likely,M,2
12755,1,25/12/2024,6,0,false,Chatbot,Bronze,Low,Neutral,F,37
12686,5,20/6/2024,5,3,false,Email,None,Low,Unlikely,M,30
16016,4,29/11/2024,3,1,false,SMS,Silver,High,Likely,M,19
14692,6,29/11/2024,3,1,true,Email,Silver,High,Likely,F,16
14778,2,28/12/2024,6,3,false,Chatbot,None,High,Very Likely,M,26
16835,5,16/6/2024,1,1,false,Email,Bronze,Low,Neutral,M,11
17306,3,11/8/2024,6,0,false,SMS,Bronze,Moderate,Unlikely,F,9
14732,2,8/10/2024,5,1,false,Chatbot,Gold,Moderate,Likely,F,33
14209,1,19/9/2024,1,2,false,Email,Silver,Moderate,Likely,F,29
14101,5,19/12/2024,4,1,false,Email,Bronze,Low,Neutral,M,25
16722,4,4/10/2024,3,2,true,Chatbot,Gold,High,Likely,F,45
15649,4,14/7/2024,6,3,false,Email,Gold,Low,Neutral,M,22
17392,2,7/7/2024,5,1,false,Email,Gold,High,Likely,M,6
14723,6,5/8/2024,7,0,false,Email,Gold,High,Very Likely,M,4
12490,5,14/9/2024,6,1,false,Email,None,High,Likely,F,26
17381,4,6/8/2024,2,2,true,Email,Gold,Moderate,Likely,M,17
15953,3,15/5/2024,8,3,false,Email,Bronze,Moderate,Unlikely,M,23
17303,6,25/11/2024,7,0,true,Chatbot,Bronze,High,Likely,F,39
14466,2,27/8/2024,4,0,false,Chatbot,Silver,High,Very Likely,F,18
16743,4,12/9/2024,3,3,true,Email,Bronze,High,Very Likely,F,9
17259,3,14/12/2024,6,3,false,SMS,Silver,High,Very Likely,M,8
17888,0,,8,3,false,SMS,Silver,High,Very Likely,M,37
12915,3,4/2/2024,4,1,false,Email,Gold,Moderate,Likely,F,3
16133,2,19/11/2024,5,4,true,Social Media,Gold,Moderate,Likely,F,22
16730,4,6/12/2024,6,1,true,Chatbot,Silver,Moderate,Unlikely,F,9
17059,2,23/2/2024,5,3,true,SMS,Bronze,High,Likely,M,24
16700,3,10/11/2024,5,1,false,Chatbot,None,High,Very Likely,M,7
15224,3,21/12/2024,6,4,false,Email,Bronze,High,Likely,F,28
15351,1,1/3/2024,6,1,true,Email,Bronze,High,Very Likely,F,29
14344,5,4/9/2024,3,2,false,Chatbot,None,High,Very Likely,F,15
18259,3,28/7/2024,11,1,false,SMS,Bronze,Low,Unlikely,F,5
17897,3,7/12/2024,3,3,false,SMS,Gold,High,Likely,M,19
16863,4,29/4/2024,9,1,false,SMS,None,Moderate,Likely,F,22
17223,3,13/4/2024,5,2,false,Social Media,Silver,High,Very Likely,F,10
17114,5,21/11/2024,9,0,false,Email,Bronze,High,Very Likely,M,19
16875,7,16/7/2024,3,2,false,Chatbot,Silver,High,Likely,F,3
12625,2,27/12/2024,3,0,false,Email,Silver,High,Likely,M,26
15916,9,12/12/2024,11,3,false,Email,Silver,High,Likely,F,37
17204,6,1/7/2024,6,0,false,Email,Silver,Low,Unlikely,F,29
15899,6,25/6/2024,5,1,false,Email,None,Low,Unlikely,F,24
16546,4,15/12/2024,2,3,false,Email,Bronze,Moderate,Likely,F,42
16665,3,7/11/2024,3,3,true,Email,None,Moderate,Likely,F,31
17284,5,19/8/2024,2,5,true,SMS,None,High,Very Likely,F,38
17075,3,18/12/2024,4,1,true,Social Media,Bronze,Moderate,Unlikely,F,24
16145,6,26/2/2024,5,5,false,Email,Gold,High,Likely,F,9
15881,2,27/3/2024,4,1,false,Chatbot,Bronze,High,Very Likely,M,34
13488,6,6/8/2024,5,1,true,SMS,None,High,Likely,F,22
16030,0,,4,1,false,Email,Bronze,High,Very Likely,F,50
15738,2,16/9/2024,3,3,true,Email,Silver,High,Likely,M,16
16456,6,27/12/2024,4,3,false,Email,Gold,High,Likely,M,47
15221,3,31/3/2024,3,1,false,Email,Silver,Moderate,Unlikely,F,7
15356,2,26/8/2024,7,5,false,Email,Gold,High,Likely,F,32
16579,3,7/6/2024,5,0,true,Email,Bronze,Low,Unlikely,M,50
15822,4,16/9/2024,4,2,true,Chatbot,None,Moderate,Likely,F,4
17288,4,9/8/2024,7,0,true,Chatbot,Gold,Low,Unlikely,M,3
13576,2,8/4/2024,6,1,true,Email,Bronze,High,Very Likely,M,23
18008,5,26/11/2024,4,1,false,Email,Bronze,Low,Unlikely,F,25
15781,0,,8,1,false,Chatbot,Gold,Low,Unlikely,M,19
17890,5,4/12/2024,7,5,true,Email,Bronze,High,Very Likely,F,27
17978,2,1/11/2024,3,2,true,Email,None,Moderate,Unlikely,F,15
15620,4,17/9/2024,5,4,false,Chatbot,None,High,Likely,M,48
13634,6,9/6/2024,6,0,false,Email,Gold,High,Very Likely,M,21
16034,2,23/8/2024,4,3,true,Email,Gold,Low,Unlikely,F,26
17376,2,29/9/2024,7,2,false,SMS,Silver,Moderate,Likely,F,34
15696,3,4/10/2024,7,0,true,Chatbot,Gold,High,Very Likely,M,12
15570,2,25/4/2024,3,2,true,Email,None,High,Very Likely,F,34
15312,1,27/12/2024,6,1,false,Social Media,Bronze,Moderate,Likely,F,47
15329,4,17/7/2024,2,2,false,SMS,Bronze,Low,Unlikely,F,48
15713,3,24/8/2024,3,1,false,Email,Bronze,Low,Unlikely,M,3
15660,2,11/11/2024,5,0,false,SMS,Bronze,Moderate,Likely,M,13
15950,5,24/11/2024,6,5,true,Email,Silver,High,Likely,M,44
17400,2,6/11/2024,7,0,false,Email,None,High,Very Likely,F,45
15281,3,9/9/2024,4,1,false,Email,Bronze,High,Likely,F,36
13102,3,3/10/2024,4,5,true,Email,None,High,Very Likely,F,10
17950,1,27/9/2024,6,0,false,Social Media,Gold,High,Likely,F,39
14060,4,12/5/2024,3,0,true,SMS,Silver,High,Likely,F,22
17262,3,28/6/2024,3,3,false,Chatbot,Bronze,Low,Neutral,F,22
13255,3,30/5/2024,8,1,false,Email,Bronze,Low,Unlikely,M,15
12672,2,1/12/2024,6,0,false,SMS,Gold,Low,Unlikely,F,43
16781,2,29/11/2024,2,1,false,Email,None,High,Likely,F,38
16019,3,30/5/2024,6,5,false,Social Media,Gold,High,Likely,F,34
15894,3,16/12/2024,8,2,false,Email,None,High,Very Likely,M,44
15998,8,5/11/2024,5,2,false,Email,Silver,High,Very Likely,F,16
16634,0,,3,2,true,Chatbot,Bronze,Low,Neutral,F,33
17863,3,6/10/2024,6,5,false,Email,None,High,Likely,F,50
15199,2,26/12/2024,5,1,true,Email,Bronze,Low,Unlikely,F,41
15299,2,1/10/2024,3,1,false,Email,Bronze,Low,Unlikely,M,25
17364,4,4/10/2024,6,4,false,Chatbot,Bronze,High,Likely,M,39
16042,0,,9,5,false,Email,Silver,Moderate,Unlikely,F,16
15304,5,7/9/2024,6,1,false,Social Media,Bronze,Low,Unlikely,M,12
17929,4,21/12/2024,4,2,false,SMS,Bronze,Low,Neutral,M,4
15996,3,20/12/2024,6,4,true,Chatbot,Bronze,Moderate,Likely,F,26
15204,2,21/11/2024,2,6,false,Chatbot,None,Moderate,Likely,M,29
15271,3,23/10/2024,0,2,false,Email,None,High,Very Likely,F,37
12652,6,7/7/2024,6,0,false,SMS,Silver,High,Likely,M,21
17924,3,27/7/2024,5,0,false,Email,Silver,Low,Neutral,M,26
16010,5,14/8/2024,6,2,false,Chatbot,None,High,Very Likely,M,5
13141,3,10/12/2024,5,4,false,Email,Bronze,High,Likely,F,25
13848,0,,7,1,false,Email,None,Low,Neutral,M,35
13394,4,20/12/2024,5,1,false,Email,None,High,Very Likely,M,6
17365,5,15/9/2024,6,5,false,Email,Bronze,High,Likely,F,11
13136,1,31/5/2024,4,2,false,Email,Silver,Low,Unlikely,F,48
13939,5,16/10/2024,2,3,false,Email,None,High,Likely,M,36
13330,2,23/12/2024,7,6,false,Chatbot,Bronze,Moderate,Unlikely,F,47
13329,1,24/5/2024,7,1,false,Email,None,Moderate,Likely,M,2
13209,4,8/11/2024,4,1,false,Email,Silver,High,Likely,F,18
13187,1,6/10/2024,3,1,false,SMS,None,High,Likely,F,50
13396,1,1/11/2024,8,5,false,Email,None,High,Very Likely,M,25
16816,4,10/8/2024,8,0,false,Email,None,High,Likely,F,31
15194,3,2/10/2024,3,0,false,Social Media,Silver,High,Likely,M,33
17371,5,18/8/2024,7,1,true,Email,None,Low,Neutral,M,24
15955,1,27/5/2024,13,2,false,Email,None,High,Very Likely,F,49
17969,2,10/6/2024,2,7,false,Email,Bronze,Moderate,Unlikely,F,11
13948,2,29/7/2024,7,1,false,Email,Bronze,Low,Unlikely,F,9
17968,2,27/12/2024,3,0,false,Chatbot,None,High,Likely,M,33
13267,2,17/6/2024,7,7,false,Email,Gold,High,Likely,M,46
14090,6,10/10/2024,8,0,false,Email,Silver,Low,Unlikely,F,32
16814,1,30/9/2024,5,4,false,Chatbot,None,High,Likely,M,22
13842,4,10/4/2024,4,1,true,SMS,Bronze,High,Likely,F,5
12647,0,,2,4,false,Email,None,High,Very Likely,M,28
13097,3,23/12/2024,9,2,false,Social Media,Silver,High,Likely,M,33
16810,2,22/11/2024,2,0,true,Chatbot,Bronze,Low,Neutral,F,12
13883,2,20/10/2024,2,2,false,Email,Bronze,Low,Unlikely,M,36
14049,3,30/10/2024,5,2,false,Chatbot,None,High,Very Likely,M,45
15882,1,15/10/2024,6,3,true,Chatbot,Silver,High,Likely,F,45
13165,2,28/7/2024,6,1,true,Chatbot,Bronze,Moderate,Unlikely,F,31
12681,1,17/5/2024,4,2,false,SMS,None,High,Very Likely,M,27
15266,2,26/9/2024,7,0,true,Chatbot,Silver,Moderate,Unlikely,F,22
13161,0,,4,1,false,Email,Silver,Low,Neutral,F,4
14083,1,15/11/2024,4,3,false,Chatbot,Bronze,High,Likely,M,41
16770,0,,9,0,false,Chatbot,Bronze,High,Very Likely,F,26
13270,3,12/11/2024,3,1,false,SMS,Silver,Low,Unlikely,M,7
17147,6,5/11/2024,7,1,false,SMS,Silver,High,Very Likely,F,24
14701,4,3/12/2024,5,1,false,SMS,Bronze,High,Likely,M,43
14679,1,19/10/2024,3,2,false,SMS,Bronze,Low,Unlikely,M,26
16907,1,5/7/2024,2,2,false,Email,Bronze,High,Likely,F,16
16745,5,22/12/2024,8,6,false,Email,Bronze,High,Likely,F,29
16752,1,24/6/2024,7,4,false,Email,None,Moderate,Likely,M,42
15587,2,15/8/2024,4,2,false,SMS,Silver,Low,Unlikely,M,6
14659,4,3/12/2024,4,1,true,Email,Silver,High,Very Likely,F,42
16746,2,22/7/2024,2,3,false,Email,Gold,High,Likely,M,16
13078,3,3/4/2024,3,1,false,Chatbot,Bronze,High,Likely,F,28
14735,3,15/11/2024,7,4,false,Email,Bronze,High,Likely,M,46
18071,0,,3,3,false,Email,Bronze,Moderate,Likely,M,24
16140,3,19/10/2024,7,1,false,Chatbot,None,Moderate,Likely,F,34
14415,2,10/10/2024,6,2,true,Chatbot,Silver,High,Likely,M,47
15347,3,9/10/2024,8,1,false,SMS,Bronze,Low,Unlikely,M,48
12346,4,9/12/2024,7,0,true,Email,Silver,Low,Unlikely,F,31
17988,5,24/11/2024,4,2,false,Email,Bronze,Moderate,Unlikely,F,45
15938,2,12/11/2024,6,1,false,SMS,Gold,Low,Neutral,F,34
15227,4,25/3/2024,5,0,true,Email,None,Moderate,Unlikely,M,42
17827,2,23/7/2024,6,0,false,Chatbot,Gold,High,Very Likely,M,32
15940,4,23/10/2024,5,3,false,Email,Silver,Low,Unlikely,F,32
13552,4,23/12/2024,8,1,false,Email,Bronze,Low,Neutral,F,50
17908,3,6/12/2024,6,4,false,Email,Silver,High,Likely,F,15
15361,6,6/12/2024,5,1,true,Email,Bronze,Moderate,Unlikely,M,2
17420,3,12/12/2024,2,3,false,Social Media,Silver,Low,Unlikely,F,19
17869,2,15/6/2024,3,3,false,Email,Bronze,Moderate,Unlikely,M,50
16525,4,5/6/2024,3,3,false,Email,None,High,Likely,F,47
17324,3,2/5/2024,2,3,true,Chatbot,Gold,High,Likely,M,49
17315,4,2/9/2024,4,2,false,Chatbot,Bronze,High,Likely,F,10
12836,9,4/10/2024,7,0,false,Email,None,High,Likely,M,6
16081,5,26/12/2024,8,1,false,Email,Bronze,High,Likely,M,14
16477,4,20/8/2024,10,4,false,Social Media,Gold,High,Very Likely,F,50
16062,5,2/11/2024,5,4,false,SMS,Bronze,Low,Unlikely,F,20
13959,2,26/12/2024,5,2,true,Social Media,Bronze,High,Likely,M,38
16085,2,11/7/2024,5,2,false,Social Media,Bronze,High,Very Likely,M,15
15215,4,26/3/2024,4,3,true,SMS,Bronze,Low,Unlikely,F,15
13107,6,25/12/2024,6,1,false,Email,None,High,Likely,F,20
12557,6,24/7/2024,5,1,false,Email,Bronze,Moderate,Likely,M,50
13246,4,25/11/2024,8,0,false,Email,Silver,High,Likely,F,25
12775,3,7/11/2024,4,1,false,Social Media,None,Moderate,Likely,M,21
13221,5,19/9/2024,3,2,false,Email,None,High,Likely,F,35
13124,2,29/12/2024,3,3,false,SMS,None,High,Very Likely,M,4
14595,3,30/11/2024,6,1,false,Email,Gold,Moderate,Likely,F,33
13894,3,20/12/2024,3,2,false,Chatbot,None,Moderate,Likely,F,16
16191,1,8/6/2024,5,3,true,Email,None,High,Likely,M,19
13173,2,16/8/2024,5,0,false,SMS,None,High,Likely,F,8
13873,1,19/12/2024,4,2,false,Email,None,Moderate,Likely,M,24
18016,5,28/9/2024,8,3,false,SMS,None,High,Very Likely,F,16
13155,2,18/11/2024,3,4,false,SMS,Gold,High,Likely,F,8
13837,3,20/12/2024,8,2,false,SMS,None,Moderate,Likely,F,5
15395,3,27/9/2024,1,3,false,Email,Gold,High,Likely,M,4
13534,2,1/8/2024,5,2,true,SMS,Silver,High,Likely,F,20
14142,5,3/4/2024,2,4,true,Chatbot,Gold,High,Very Likely,F,21
12747,6,11/2/2024,6,1,false,Chatbot,Bronze,High,Likely,F,9
15860,1,11/11/2024,3,1,true,Social Media,None,High,Likely,F,46
14565,2,14/9/2024,4,2,false,Email,None,High,Likely,F,39
17181,5,7/11/2024,2,1,true,Email,Silver,Low,Unlikely,F,49
17238,3,24/6/2024,0,2,true,Email,Bronze,High,Likely,F,20
16515,1,3/11/2024,9,0,false,SMS,Silver,High,Very Likely,F,19
13093,2,10/11/2024,4,0,false,Email,Bronze,High,Very Likely,M,35
12867,3,1/9/2024,5,1,false,Email,Bronze,High,Likely,M,32
12524,5,11/9/2024,5,3,true,SMS,None,Moderate,Likely,F,20
13969,3,6/10/2024,6,2,false,SMS,Silver,High,Likely,F,15
17858,2,12/12/2024,3,0,false,SMS,Silver,High,Likely,M,34
14696,2,15/6/2024,14,1,false,Email,None,High,Likely,M,48
16250,2,17/6/2024,3,2,false,Chatbot,Bronze,Moderate,Likely,F,30
